timestamp,track_id,violation_type,class_name,confidence,speed_kmh,plate_text,bbox,frame_number,lat,lng,location_name,camera_id,source_video,distraction_label,media_url,media_type
2026-06-20T00:08:29.054393,1,speeding,car,0.7182291746139526,79.4,,"[368.771240234375, 297.719482421875, 626.4010620117188, 412.1180419921875]",8,33.5892,-7.6143,Maarif,CAM_MAARIF,maarif.mp4,,,image
2026-06-20T00:08:48.783350,2,speeding,car,0.8917291760444641,62.3,,"[100.54993438720703, 153.8816680908203, 454.2303466796875, 336.5491943359375]",148,33.5892,-7.6143,Maarif,CAM_MAARIF,maarif.mp4,,,image
2026-06-20T00:08:57.785776,3,speeding,car,0.8124337792396545,80.5,,"[186.53860473632812, 289.5995788574219, 342.2370910644531, 393.46142578125]",208,33.5892,-7.6143,Maarif,CAM_MAARIF,maarif.mp4,,,image
2026-06-20T00:09:14.381244,4,speeding,truck,0.6613957285881042,200.0,,"[480.8170166015625, 103.27081298828125, 853.6544799804688, 413.2969970703125]",336,33.5892,-7.6143,Maarif,CAM_MAARIF,maarif.mp4,,,image
2026-06-20T00:09:26.885178,6,distracted,car,0.6147498488426208,,,"[720.8348388671875, 338.0835876464844, 817.0822143554688, 381.7199401855469]",420,33.5892,-7.6143,Maarif,CAM_MAARIF,maarif.mp4,cigarette,,image
2026-06-20T00:09:28.539286,5,speeding,truck,0.46677365899086,74.1,,"[187.62246704101562, 77.63917541503906, 566.4132080078125, 400.8189697265625]",422,33.5892,-7.6143,Maarif,CAM_MAARIF,maarif.mp4,,,image
2026-06-20T00:09:36.373053,5,red_light,car,0.4172385632991791,27.9,,"[0.17306804656982422, 92.13735961914062, 846.9110717773438, 473.7978515625]",450,33.5892,-7.6143,Maarif,CAM_MAARIF,maarif.mp4,,,image
2026-06-20T00:09:44.532737,7,speeding,car,0.4939289689064026,194.8,,"[79.5352554321289, 131.88926696777344, 626.8531494140625, 268.4906921386719]",482,33.5892,-7.6143,Maarif,CAM_MAARIF,maarif.mp4,,,image
2026-06-20T00:09:47.417860,8,speeding,car,0.4980649948120117,149.9,,"[667.5388793945312, 347.8879089355469, 853.9325561523438, 475.74072265625]",484,33.5892,-7.6143,Maarif,CAM_MAARIF,maarif.mp4,,,image
2026-06-20T00:09:51.141595,9,speeding,car,0.6432185173034668,142.4,,"[717.85693359375, 102.9205322265625, 853.7609252929688, 269.32281494140625]",490,33.5892,-7.6143,Maarif,CAM_MAARIF,maarif.mp4,,,image
2026-06-20T00:10:08.348822,13,speeding,car,0.7454304099082947,131.9,,"[28.102869033813477, 223.69627380371094, 100.35100555419922, 246.19764709472656]",542,33.5892,-7.6143,Maarif,CAM_MAARIF,maarif.mp4,,,image
2026-06-20T00:10:16.504227,14,red_light,car,0.35345587134361267,2.7,,"[155.45175170898438, 317.6358337402344, 476.93743896484375, 422.5594482421875]",576,33.5892,-7.6143,Maarif,CAM_MAARIF,maarif.mp4,,,image
2026-06-20T00:10:22.695899,15,red_light,car,0.8365485072135925,,,"[402.45440673828125, 335.0389709472656, 557.9794311523438, 393.28546142578125]",592,33.5892,-7.6143,Maarif,CAM_MAARIF,maarif.mp4,,,image
2026-06-20T00:10:28.815809,15,speeding,car,0.43051815032958984,121.2,,"[390.48199462890625, 335.4560852050781, 556.8519287109375, 394.75677490234375]",610,33.5892,-7.6143,Maarif,CAM_MAARIF,maarif.mp4,,,image
2026-06-20T00:10:34.307198,15,distracted,car,0.548948347568512,2.8,,"[400.4419250488281, 332.4174499511719, 558.8687133789062, 393.6004943847656]",624,33.5892,-7.6143,Maarif,CAM_MAARIF,maarif.mp4,phone,,image
